Country,id,Global_Score,Global_Rank,Percentage_missing_values,Regional_Score,Population_in_2019,GDP_per_capita_in_2017,Goal_1,Goal_2,Goal_3,Goal_4,Goal_5,Goal_6,Goal_7,Goal_8,Goal_9,Goal_10,Goal_11,Goal_12,Goal_13,Goal_14,Goal_15,Goal_16,Goal_17,Regional_Score_Goal_1,Regional_Score_Goal_2,Regional_Score_Goal_3,Regional_Score_Goal_4,Regional_Score_Goal_5,Regional_Score_Goal_6,Regional_Score_Goal_7,Regional_Score_Goal_8,Regional_Score_Goal_9,Regional_Score_Goal_10,Regional_Score_Goal_11,Regional_Score_Goal_12,Regional_Score_Goal_13,Regional_Score_Goal_14,Regional_Score_Goal_15,Regional_Score_Goal_16,Regional_Score_Goal_17
Afghanistan,AFG,49.6,153.0,11.3,70.4,37209007,1796.392531,,42.93,38.71,23.67,21.35,39.40,56.81,43.20,4.12,,34.20,98.22,96.96,,52.08,46.67,41.87,95.05,55.39,77.11,89.21,59.90,72.30,87.15,70.84,32.21,68.07,76.62,78.95,87.25,40.73,66.22,69.40,69.82
Angola,AGO,51.3,149.0,2.4,53.8,31787566,6051.579368,45.16,47.78,33.74,37.84,53.57,45.96,48.75,59.88,5.65,57.18,45.96,93.66,90.89,47.84,64.97,41.72,51.91,32.67,46.64,44.50,49.36,51.58,50.75,34.94,63.25,14.56,46.61,58.92,92.10,91.09,54.51,67.74,54.20,60.89
Albania,ALB,70.3,60.0,1.2,70.4,2938428,11802.02257,96.85,46.06,82.21,93.40,53.30,77.25,88.64,62.24,27.97,59.78,78.57,83.18,92.08,40.99,79.96,67.34,64.83,95.05,55.39,77.11,89.21,59.90,72.30,87.15,70.84,32.21,68.07,76.62,78.95,87.25,40.73,66.22,69.40,69.82
Andorra,AND,,,,70.4,77072,,,,,,,,,,,,,,,,,,,,,,,,,,,,,,,,,,,
United Arab Emirates,ARE,69.7,65.0,9.5,65.9,9682088,67293.48276,,59.81,86.15,85.70,56.33,55.75,90.69,70.62,60.84,85.89,75.99,40.92,33.41,62.50,45.38,81.52,100.00,93.57,50.25,75.82,79.23,43.35,55.72,88.29,65.01,37.63,69.99,60.02,73.23,78.21,49.69,57.83,68.24,73.94
Argentina,ARG,72.4,45.0,1.2,67.1,45101781,18932.16647,97.03,60.83,80.19,94.27,77.41,80.23,91.42,72.21,40.54,39.66,83.51,79.12,92.15,39.94,52.98,62.96,85.52,81.30,53.30,73.87,80.60,68.35,72.85,83.14,73.81,25.73,37.11,77.98,82.12,86.64,53.77,61.46,57.74,70.64
Armenia,ARM,68.8,75.0,1.3,70.4,2936706,8787.57994,91.21,56.53,78.52,89.75,56.92,66.93,95.35,63.16,33.89,50.06,67.25,90.12,95.01,,61.22,75.44,57.05,95.05,55.39,77.11,89.21,59.90,72.30,87.15,70.84,32.21,68.07,76.62,78.95,87.25,40.73,66.22,69.40,69.82
Antigua and Barbuda,ATG,,,,67.1,104084,21380.1574,,,,,,,,,,,,,,,,,,,,,,,,,,,,,,,,,,
Australia,AUS,73.9,38.0,2.4,77.7,25088636,44648.70991,99.03,52.41,96.45,92.81,78.90,96.98,91.00,81.09,84.20,76.96,80.59,40.85,33.90,56.29,47.76,85.69,61.14,98.84,63.05,92.54,95.17,75.80,87.61,92.24,81.42,69.01,74.66,84.88,53.03,83.95,51.41,72.25,82.27,62.82
Austria,AUT,81.1,5.0,3.8,77.7,8766201,45436.68582,99.19,71.58,94.93,96.56,79.05,94.90,93.83,82.03,80.24,87.40,85.82,45.52,84.29,,71.44,92.03,68.02,98.84,63.05,92.54,95.17,75.80,87.61,92.24,81.42,69.01,74.66,84.88,53.03,83.95,51.41,72.25,82.27,62.82
Azerbaijan,AZE,70.5,59.0,2.5,70.4,10014575,15847.41883,100.00,58.22,75.29,90.76,53.91,62.80,91.01,68.10,37.30,68.31,83.08,89.11,90.64,22.45,66.88,70.16,69.76,95.05,55.39,77.11,89.21,59.90,72.30,87.15,70.84,32.21,68.07,76.62,78.95,87.25,40.73,66.22,69.40,69.82
Burundi,BDI,51.5,145.0,5.0,53.8,11575964,668.4789843,0.00,44.09,47.65,61.02,63.03,54.29,0.00,44.02,3.54,67.07,58.53,96.57,99.35,,73.94,48.86,59.82,32.67,46.64,44.50,49.36,51.58,50.75,34.94,63.25,14.56,46.61,58.92,92.10,91.09,54.51,67.74,54.20,60.89
Belgium,BEL,78.9,16.0,4.8,77.7,11562784,42658.57617,99.54,70.24,94.14,94.74,83.90,79.25,91.94,81.41,75.88,93.42,82.33,46.65,82.94,30.65,84.96,86.87,62.29,98.84,63.05,92.54,95.17,75.80,87.61,92.24,81.42,69.01,74.66,84.88,53.03,83.95,51.41,72.25,82.27,62.82
Benin,BEN,50.9,151.0,4.8,53.8,11801595,2069.194923,18.31,55.47,47.15,46.95,40.36,46.64,13.36,70.73,8.79,36.21,52.59,94.87,97.35,49.73,84.71,49.01,52.28,32.67,46.64,44.50,49.36,51.58,50.75,34.94,63.25,14.56,46.61,58.92,92.10,91.09,54.51,67.74,54.20,60.89
Burkina Faso,BFA,52.4,141.0,2.5,53.8,20321560,1696.225477,24.26,51.89,47.99,27.03,34.62,44.15,9.07,69.21,12.43,78.08,57.85,93.67,90.79,,82.07,57.03,56.21,32.67,46.64,44.50,49.36,51.58,50.75,34.94,63.25,14.56,46.61,58.92,92.10,91.09,54.51,67.74,54.20,60.89
Bangladesh,BGD,60.9,116.0,3.6,65.7,168065920,3523.983851,58.21,51.15,59.60,79.75,48.23,65.48,55.97,77.10,15.44,76.38,51.90,96.52,97.12,51.88,60.85,50.48,38.83,83.19,53.50,68.16,84.74,56.57,67.20,69.81,75.25,32.48,62.27,71.03,85.43,89.61,46.37,54.26,64.50,53.18
Bulgaria,BGR,74.5,36.0,2.4,70.4,6988739,18606.03211,96.98,58.20,80.18,71.03,69.20,78.01,90.80,80.44,41.22,61.80,81.34,66.58,87.70,65.34,93.31,68.79,75.90,95.05,55.39,77.11,89.21,59.90,72.30,87.15,70.84,32.21,68.07,76.62,78.95,87.25,40.73,66.22,69.40,69.82
Bahrain,BHR,68.7,76.0,15.5,65.9,1637896,43290.70452,,67.42,90.37,93.46,50.02,54.54,93.66,82.26,43.23,,52.01,72.08,65.69,57.79,54.79,67.09,60.27,93.57,50.25,75.82,79.23,43.35,55.72,88.29,65.01,37.63,69.99,60.02,73.23,78.21,49.69,57.83,68.24,73.94
"Bahamas, The",BHS,,,,67.1,403095,27717.8473,,,,,,,,,,,,,,,,,,,,,,,,,,,,,,,,,,
Bosnia and Herzegovina,BIH,69.4,69.0,9.5,70.4,3501774,11731.43743,99.72,65.01,80.26,99.38,39.86,72.58,80.28,62.19,24.94,82.20,71.81,89.04,72.28,8.67,61.91,72.57,96.91,95.05,55.39,77.11,89.21,59.90,72.30,87.15,70.84,32.21,68.07,76.62,78.95,87.25,40.73,66.22,69.40,69.82
Belarus,BLR,77.4,23.0,5.0,70.4,9433874,17157.57043,99.89,57.23,81.73,96.79,78.04,92.17,90.10,77.42,39.34,85.81,80.95,82.58,92.25,,78.14,69.15,74.24,95.05,55.39,77.11,89.21,59.90,72.30,87.15,70.84,32.21,68.07,76.62,78.95,87.25,40.73,66.22,69.40,69.82
Belize,BLZ,62.5,109.0,11.9,67.1,390231,7748.816588,68.54,59.89,71.54,75.62,58.04,72.76,88.28,63.69,23.45,,72.64,76.54,87.27,31.21,43.88,56.78,76.08,81.30,53.30,73.87,80.60,68.35,72.85,83.14,73.81,25.73,37.11,77.98,82.12,86.64,53.77,61.46,57.74,70.64
Bolivia,BOL,68.4,80.0,0.0,67.1,11379861,6885.828577,85.32,53.25,66.44,87.30,66.22,67.66,73.41,79.44,23.01,48.59,82.21,87.62,94.38,,73.11,48.39,72.58,81.30,53.30,73.87,80.60,68.35,72.85,83.14,73.81,25.73,37.11,77.98,82.12,86.64,53.77,61.46,57.74,70.64
Brazil,BRA,70.6,57.0,0.0,67.1,212392717,14103.45153,86.16,62.10,76.89,84.62,67.46,79.39,94.01,72.56,48.81,25.56,78.27,78.66,91.69,63.22,60.92,55.41,74.73,81.30,53.30,73.87,80.60,68.35,72.85,83.14,73.81,25.73,37.11,77.98,82.12,86.64,53.77,61.46,57.74,70.64
Barbados,BRB,,,,67.1,287010,16869.29344,,,,,,,,,,,,,,,,,,,,,,,,,,,,,,,,,,
Brunei Darussalam,BRN,,,,65.7,439336,71809.25058,,,,,,,,,,,,,,,,,,,,,,,,,,,,,,,,,,
Bhutan,BTN,67.6,84.0,8.8,65.7,826229,8536.331027,88.31,50.63,68.78,69.65,45.80,63.60,75.77,71.29,28.19,68.21,82.59,87.66,96.98,,58.66,81.20,65.11,83.19,53.50,68.16,84.74,56.57,67.20,69.81,75.25,32.48,62.27,71.03,85.43,89.61,46.37,54.26,64.50,53.18
Botswana,BWA,59.8,120.0,1.3,53.8,2374636,15473.92262,56.67,36.60,54.74,88.31,66.17,60.58,59.05,63.47,28.96,0.00,82.52,67.36,71.51,,71.70,65.73,88.12,32.67,46.64,44.50,49.36,51.58,50.75,34.94,63.25,14.56,46.61,58.92,92.10,91.09,54.51,67.74,54.20,60.89
Central African Republic,CAF,39.1,162.0,7.5,53.8,4825711,661.2399677,0.00,40.91,17.59,10.30,30.60,47.99,2.69,37.46,1.87,19.28,27.76,96.14,99.38,,89.94,49.51,38.34,32.67,46.64,44.50,49.36,51.58,50.75,34.94,63.25,14.56,46.61,58.92,92.10,91.09,54.51,67.74,54.20,60.89
Canada,CAN,77.9,20.0,3.6,77.7,37279811,44017.59091,99.21,60.20,94.78,99.92,80.40,84.22,95.28,84.03,74.43,78.85,80.39,50.15,68.49,59.49,60.74,88.13,65.38,98.84,63.05,92.54,95.17,75.80,87.61,92.24,81.42,69.01,74.66,84.88,53.03,83.95,51.41,72.25,82.27,62.82
Switzerland,CHE,78.8,17.0,1.3,77.7,8608259,57410.16586,99.88,62.62,97.79,91.87,82.16,95.49,96.71,79.79,93.31,80.01,98.35,27.91,88.95,,57.74,83.00,53.32,98.84,63.05,92.54,95.17,75.80,87.61,92.24,81.42,69.01,74.66,84.88,53.03,83.95,51.41,72.25,82.27,62.82
Chile,CHL,75.6,31.0,1.2,77.7,18336653,22767.03719,98.91,63.32,86.57,92.76,70.45,96.58,91.04,80.65,49.25,27.32,80.66,72.45,94.67,66.18,59.26,75.91,79.41,98.84,63.05,92.54,95.17,75.80,87.61,92.24,81.42,69.01,74.66,84.88,53.03,83.95,51.41,72.25,82.27,62.82
China,CHN,73.2,39.0,6.0,65.7,1420062022,15308.71212,97.40,71.93,81.07,99.67,76.26,71.75,76.85,87.42,61.86,59.52,75.13,81.97,92.02,36.16,62.73,63.35,49.48,83.19,53.50,68.16,84.74,56.57,67.20,69.81,75.25,32.48,62.27,71.03,85.43,89.61,46.37,54.26,64.50,53.18
Cote d'Ivoire,CIV,55.7,129.0,7.1,53.8,25531083,3585.53599,43.50,48.55,34.82,39.79,35.07,51.89,52.49,74.99,28.29,46.66,58.93,96.25,99.43,54.56,76.03,52.21,53.46,32.67,46.64,44.50,49.36,51.58,50.75,34.94,63.25,14.56,46.61,58.92,92.10,91.09,54.51,67.74,54.20,60.89
Cameroon,CMR,56.0,127.0,4.8,53.8,25312993,3383.460806,47.59,56.65,40.64,63.80,51.89,52.53,54.82,68.02,14.30,43.19,39.72,94.86,97.90,50.22,68.55,45.97,61.69,32.67,46.64,44.50,49.36,51.58,50.75,34.94,63.25,14.56,46.61,58.92,92.10,91.09,54.51,67.74,54.20,60.89
"Congo, Dem. Rep.",COD,44.9,160.0,11.9,53.8,86727573,808.1332134,0.66,36.46,37.75,56.10,37.17,42.66,35.23,58.44,2.32,58.93,48.22,94.70,99.22,15.32,65.35,31.07,44.46,32.67,46.64,44.50,49.36,51.58,50.75,34.94,63.25,14.56,46.61,58.92,92.10,91.09,54.51,67.74,54.20,60.89
"Congo, Rep.",COG,54.2,132.0,8.3,53.8,5542197,4957.59012,11.27,42.84,48.45,57.71,51.84,38.32,49.16,56.34,6.68,29.37,57.93,93.09,95.20,59.29,91.10,53.00,80.10,32.67,46.64,44.50,49.36,51.58,50.75,34.94,63.25,14.56,46.61,58.92,92.10,91.09,54.51,67.74,54.20,60.89
Colombia,COL,69.6,67.0,0.0,67.1,49849818,13182.63076,85.82,56.05,79.29,83.28,70.46,76.86,91.02,71.86,31.77,21.66,81.56,84.76,90.66,74.91,56.42,58.31,68.00,81.30,53.30,73.87,80.60,68.35,72.85,83.14,73.81,25.73,37.11,77.98,82.12,86.64,53.77,61.46,57.74,70.64
Comoros,COM,53.0,137.0,19.0,53.8,850910,2500.507998,49.16,41.56,50.43,47.16,32.10,66.64,41.56,48.28,10.39,50.77,76.17,83.89,97.39,28.31,41.20,67.59,68.08,32.67,46.64,44.50,49.36,51.58,50.75,34.94,63.25,14.56,46.61,58.92,92.10,91.09,54.51,67.74,54.20,60.89
Cabo Verde,CPV,65.1,96.0,15.5,53.8,560349,6283.162846,54.27,46.48,73.30,78.46,65.38,69.14,81.17,73.54,25.66,36.58,81.00,91.80,89.87,45.51,54.71,74.45,64.55,32.67,46.64,44.50,49.36,51.58,50.75,34.94,63.25,14.56,46.61,58.92,92.10,91.09,54.51,67.74,54.20,60.89
Costa Rica,CRI,75.0,33.0,1.2,67.1,4999384,15551.71048,97.60,52.38,85.83,79.45,82.27,75.41,94.12,77.92,41.51,34.74,90.15,82.74,93.44,66.17,67.21,74.47,79.18,81.30,53.30,73.87,80.60,68.35,72.85,83.14,73.81,25.73,37.11,77.98,82.12,86.64,53.77,61.46,57.74,70.64
Cuba,CUB,70.8,56.0,19.0,67.1,11492046,,,64.88,85.19,96.05,82.42,73.75,85.07,90.61,12.43,,56.10,90.61,56.72,60.06,68.34,63.27,100.00,81.30,53.30,73.87,80.60,68.35,72.85,83.14,73.81,25.73,37.11,77.98,82.12,86.64,53.77,61.46,57.74,70.64
Cyprus,CYP,70.1,61.0,6.0,70.4,1198427,32415.13223,99.88,52.54,92.83,97.02,71.28,70.13,92.22,74.52,54.26,77.36,77.69,41.72,72.24,32.79,77.49,81.22,27.24,95.05,55.39,77.11,89.21,59.90,72.30,87.15,70.84,32.21,68.07,76.62,78.95,87.25,40.73,66.22,69.40,69.82
Czech Republic,CZE,80.7,7.0,2.5,77.7,10630589,32605.90633,99.41,63.10,92.41,96.28,71.07,87.95,91.80,85.14,63.21,92.27,89.41,70.75,89.06,,91.03,82.71,55.52,98.84,63.05,92.54,95.17,75.80,87.61,92.24,81.42,69.01,74.66,84.88,53.03,83.95,51.41,72.25,82.27,62.82
Germany,DEU,81.1,6.0,1.2,77.7,82438639,45229.24529,99.64,68.69,94.80,88.98,77.00,89.45,93.24,84.37,80.45,83.41,90.86,47.37,90.22,40.54,82.56,83.44,83.15,98.84,63.05,92.54,95.17,75.80,87.61,92.24,81.42,69.01,74.66,84.88,53.03,83.95,51.41,72.25,82.27,62.82
Djibouti,DJI,51.4,148.0,14.3,53.8,985690,,55.35,39.60,51.21,19.30,49.68,41.54,28.33,62.18,22.91,53.24,70.55,95.23,90.94,14.92,37.00,67.54,73.66,32.67,46.64,44.50,49.36,51.58,50.75,34.94,63.25,14.56,46.61,58.92,92.10,91.09,54.51,67.74,54.20,60.89
Dominica,DMA,,,,67.1,74679,9123.402264,,,,,,,,,,,,,,,,,,,,,,,,,,,,,,,,,,
Denmark,DNK,85.2,1.0,2.4,77.7,5775224,46682.51472,99.57,68.29,96.11,98.25,84.83,90.75,93.64,83.91,88.09,96.49,90.18,49.75,90.16,48.87,87.17,92.81,89.83,98.84,63.05,92.54,95.17,75.80,87.61,92.24,81.42,69.01,74.66,84.88,53.03,83.95,51.41,72.25,82.27,62.82
Dominican Republic,DOM,69.8,64.0,4.8,67.1,10996774,14600.86058,94.98,55.57,66.61,84.66,73.28,72.32,89.72,78.60,27.63,32.80,80.04,85.95,88.90,67.84,75.18,51.95,59.93,81.30,53.30,73.87,80.60,68.35,72.85,83.14,73.81,25.73,37.11,77.98,82.12,86.64,53.77,61.46,57.74,70.64
Algeria,DZA,71.1,53.0,0.0,65.9,42679018,13900.15811,97.84,52.66,75.48,85.93,51.11,63.56,85.91,69.69,29.83,88.74,66.61,86.54,94.28,41.87,63.23,72.40,83.03,93.57,50.25,75.82,79.23,43.35,55.72,88.29,65.01,37.63,69.99,60.02,73.23,78.21,49.69,57.83,68.24,73.94
Ecuador,ECU,72.3,46.0,1.2,67.1,17100444,10554.63417,88.15,47.76,76.99,93.18,76.77,73.45,90.16,75.36,27.01,35.46,90.45,84.83,93.89,70.20,60.05,64.43,80.81,81.30,53.30,73.87,80.60,68.35,72.85,83.14,73.81,25.73,37.11,77.98,82.12,86.64,53.77,61.46,57.74,70.64
"Egypt, Arab Rep.",EGY,66.2,92.0,3.6,65.9,101168745,10551.29965,90.41,55.97,68.86,82.93,46.13,62.34,92.78,63.58,32.07,37.39,59.65,82.87,97.83,56.56,68.41,70.23,57.49,93.57,50.25,75.82,79.23,43.35,55.72,88.29,65.01,37.63,69.99,60.02,73.23,78.21,49.69,57.83,68.24,73.94
Eritrea,ERI,,,,53.8,5309659,,,,,,,,,,,,,,,,,,,,,,,,,,,,,,,,,,,
Spain,ESP,77.8,21.0,1.2,77.7,46441049,34272.36038,98.06,56.17,95.44,95.36,82.73,88.07,94.72,75.20,68.05,69.16,89.05,53.41,93.34,59.42,65.41,80.59,59.09,98.84,63.05,92.54,95.17,75.80,87.61,92.24,81.42,69.01,74.66,84.88,53.03,83.95,51.41,72.25,82.27,62.82
Estonia,EST,80.2,10.0,0.0,77.7,1303798,29481.25181,99.68,58.34,88.82,95.27,75.29,89.72,88.94,84.81,61.50,72.25,90.30,58.70,85.03,81.30,90.51,87.76,55.53,98.84,63.05,92.54,95.17,75.80,87.61,92.24,81.42,69.01,74.66,84.88,53.03,83.95,51.41,72.25,82.27,62.82
Ethiopia,ETH,53.2,135.0,2.5,53.8,110135635,1729.926639,32.53,48.59,44.63,33.50,53.31,39.43,40.68,71.42,9.96,67.32,60.56,98.03,95.71,,56.66,51.62,46.77,32.67,46.64,44.50,49.36,51.58,50.75,34.94,63.25,14.56,46.61,58.92,92.10,91.09,54.51,67.74,54.20,60.89
Finland,FIN,82.8,3.0,2.4,77.7,5561389,40585.72103,99.84,58.22,96.23,98.89,89.24,92.60,96.39,82.53,83.66,97.86,88.31,48.72,70.98,55.47,82.13,92.94,73.96,98.84,63.05,92.54,95.17,75.80,87.61,92.24,81.42,69.01,74.66,84.88,53.03,83.95,51.41,72.25,82.27,62.82
Fiji,FJI,70.1,62.0,16.7,60.5,918757,8702.975322,90.98,55.81,73.90,95.07,57.60,76.62,68.42,79.88,27.38,74.08,95.60,83.62,70.07,50.60,38.71,86.82,66.02,59.64,44.58,62.93,70.37,46.24,60.55,38.02,76.92,16.56,68.61,83.24,86.85,76.13,50.64,48.86,74.83,63.88
France,FRA,81.5,4.0,1.2,77.7,65480710,38605.6709,99.54,66.03,94.26,97.39,86.51,87.91,96.96,78.07,73.63,85.65,87.04,53.41,86.36,64.23,76.67,76.60,75.14,98.84,63.05,92.54,95.17,75.80,87.61,92.24,81.42,69.01,74.66,84.88,53.03,83.95,51.41,72.25,82.27,62.82
"Micronesia, Fed. Sts.",FSM,,,,60.5,536579,3363.793816,,,,,,,,,,,,,,,,,,,,,,,,,,,,,,,,,,
Gabon,GAB,64.8,99.0,7.1,53.8,2109099,16463.87137,85.90,52.71,50.27,79.02,46.28,61.69,80.79,62.91,29.31,46.96,54.02,91.10,94.66,62.82,85.49,53.12,63.94,32.67,46.64,44.50,49.36,51.58,50.75,34.94,63.25,14.56,46.61,58.92,92.10,91.09,54.51,67.74,54.20,60.89
United Kingdom,GBR,79.4,13.0,6.0,77.7,66959016,39753.24389,99.69,66.38,94.55,99.41,81.29,95.09,93.01,82.91,81.42,71.40,90.79,42.93,84.62,57.52,73.73,85.71,48.94,98.84,63.05,92.54,95.17,75.80,87.61,92.24,81.42,69.01,74.66,84.88,53.03,83.95,51.41,72.25,82.27,62.82
Georgia,GEO,68.9,73.0,1.2,70.4,3904204,9730.889635,83.88,51.22,73.21,98.33,61.18,75.60,88.63,72.83,30.11,32.60,87.10,82.23,91.28,42.97,60.56,81.93,57.85,95.05,55.39,77.11,89.21,59.90,72.30,87.15,70.84,32.21,68.07,76.62,78.95,87.25,40.73,66.22,69.40,69.82
Ghana,GHA,63.8,104.0,4.8,53.8,30096970,4091.907058,69.02,61.58,54.39,69.17,54.11,52.85,58.62,76.61,30.19,58.63,50.00,97.32,96.52,51.03,75.44,69.74,59.41,32.67,46.64,44.50,49.36,51.58,50.75,34.94,63.25,14.56,46.61,58.92,92.10,91.09,54.51,67.74,54.20,60.89
Guinea,GIN,52.8,138.0,3.6,53.8,13398180,2042.403191,35.50,49.79,33.28,24.74,35.68,43.65,13.42,65.37,5.52,82.50,55.98,94.90,99.24,70.85,78.15,48.31,60.98,32.67,46.64,44.50,49.36,51.58,50.75,34.94,63.25,14.56,46.61,58.92,92.10,91.09,54.51,67.74,54.20,60.89
"Gambia, The",GMB,55.0,131.0,8.3,53.8,2228075,1544.390653,62.16,45.30,43.18,45.71,34.92,59.97,21.93,69.31,8.24,44.26,64.64,93.59,93.53,60.39,74.91,60.14,52.85,32.67,46.64,44.50,49.36,51.58,50.75,34.94,63.25,14.56,46.61,58.92,92.10,91.09,54.51,67.74,54.20,60.89
Guinea-Bissau,GNB,,,,53.8,1953723,1548.677641,,,,,,,,,,,,,,,,,,,,,,,,,,,,,,,,,,
Equatorial Guinea,GNQ,,,,53.8,1360104,22213.74306,,,,,,,,,,,,,,,,,,,,,,,,,,,,,,,,,,
Greece,GRC,71.4,50.0,1.2,77.7,11124603,24574.38248,96.66,61.18,90.16,90.13,62.61,90.60,90.66,62.95,49.93,50.91,82.07,39.40,82.24,59.36,78.74,72.82,53.55,98.84,63.05,92.54,95.17,75.80,87.61,92.24,81.42,69.01,74.66,84.88,53.03,83.95,51.41,72.25,82.27,62.82
Grenada,GRD,,,,67.1,108825,13775.7311,,,,,,,,,,,,,,,,,,,,,,,,,,,,,,,,,,
Guatemala,GTM,59.6,122.0,0.0,67.1,17577842,7423.799552,74.31,43.33,70.51,70.98,53.18,69.26,70.82,74.99,12.03,20.24,84.31,85.56,94.88,41.10,52.99,50.41,45.09,81.30,53.30,73.87,80.60,68.35,72.85,83.14,73.81,25.73,37.11,77.98,82.12,86.64,53.77,61.46,57.74,70.64
Guyana,GUY,61.4,114.0,15.5,67.1,786508,7435.046801,84.87,54.39,61.91,83.26,61.94,73.25,78.31,52.55,14.80,,82.64,58.23,72.00,55.05,59.45,56.47,57.70,81.30,53.30,73.87,80.60,68.35,72.85,83.14,73.81,25.73,37.11,77.98,82.12,86.64,53.77,61.46,57.74,70.64
Honduras,HND,63.4,107.0,1.2,67.1,9568688,4541.795257,57.67,46.23,75.28,64.25,65.01,70.33,73.45,72.88,13.77,26.66,80.80,88.29,94.37,66.16,65.18,48.73,68.98,81.30,53.30,73.87,80.60,68.35,72.85,83.14,73.81,25.73,37.11,77.98,82.12,86.64,53.77,61.46,57.74,70.64
Croatia,HRV,77.8,22.0,3.6,70.4,4140148,22828.37215,98.38,64.63,87.09,87.36,63.72,82.51,89.46,78.07,48.63,69.85,76.24,73.54,93.59,74.85,79.22,70.59,84.73,95.05,55.39,77.11,89.21,59.90,72.30,87.15,70.84,32.21,68.07,76.62,78.95,87.25,40.73,66.22,69.40,69.82
Haiti,HTI,48.4,156.0,8.3,67.1,11242856,1653.172504,37.98,42.20,42.16,49.54,39.92,49.13,26.51,58.77,7.28,62.28,41.34,91.76,89.36,33.00,43.58,45.60,62.97,81.30,53.30,73.87,80.60,68.35,72.85,83.14,73.81,25.73,37.11,77.98,82.12,86.64,53.77,61.46,57.74,70.64
Hungary,HUN,76.9,25.0,0.0,77.7,9655361,26777.56079,98.93,64.19,85.93,90.39,64.05,89.01,91.61,82.11,49.65,75.60,86.07,71.01,94.91,,87.31,73.39,51.49,98.84,63.05,92.54,95.17,75.80,87.61,92.24,81.42,69.01,74.66,84.88,53.03,83.95,51.41,72.25,82.27,62.82
Indonesia,IDN,64.2,102.0,0.0,65.7,269536482,11188.74402,74.01,53.66,62.93,90.05,61.16,68.73,73.36,75.96,33.78,34.76,67.40,90.95,94.79,50.37,41.90,70.58,46.88,83.19,53.50,68.16,84.74,56.57,67.20,69.81,75.25,32.48,62.27,71.03,85.43,89.61,46.37,54.26,64.50,53.18
India,IND,61.1,115.0,1.2,65.7,1368737513,6430.107398,71.41,42.57,58.76,80.24,33.19,56.58,65.38,83.24,28.67,48.96,51.12,94.46,94.47,51.24,51.06,61.26,65.70,83.19,53.50,68.16,84.74,56.57,67.20,69.81,75.25,32.48,62.27,71.03,85.43,89.61,46.37,54.26,64.50,53.18
Ireland,IRL,78.2,19.0,1.2,77.7,4847139,67335.29341,99.69,70.15,95.24,95.17,73.07,81.97,92.50,87.74,67.19,84.77,84.53,46.28,91.72,53.43,82.43,90.37,33.42,98.84,63.05,92.54,95.17,75.80,87.61,92.24,81.42,69.01,74.66,84.88,53.03,83.95,51.41,72.25,82.27,62.82
"Iran, Islamic Rep.",IRN,70.5,58.0,2.4,65.9,82820766,18982.94125,96.80,58.22,77.35,95.55,42.60,49.92,87.69,68.26,39.85,64.74,76.11,80.65,88.96,73.19,68.05,64.71,65.64,93.57,50.25,75.82,79.23,43.35,55.72,88.29,65.01,37.63,69.99,60.02,73.23,78.21,49.69,57.83,68.24,73.94
Iraq,IRQ,60.8,117.0,8.3,65.9,40412299,15392.93238,84.06,41.74,62.65,44.35,38.18,46.34,87.82,61.52,20.87,94.37,59.71,90.59,89.96,28.52,39.40,65.16,78.24,93.57,50.25,75.82,79.23,43.35,55.72,88.29,65.01,37.63,69.99,60.02,73.23,78.21,49.69,57.83,68.24,73.94
Iceland,ISL,79.2,14.0,9.5,77.7,340566,46482.95829,99.70,62.58,96.88,97.43,85.49,87.36,99.37,83.04,75.50,99.21,89.90,50.59,88.55,35.89,34.49,93.05,67.40,98.84,63.05,92.54,95.17,75.80,87.61,92.24,81.42,69.01,74.66,84.88,53.03,83.95,51.41,72.25,82.27,62.82
Israel,ISR,71.5,49.0,3.6,77.7,8583916,33132.3203,99.21,58.64,95.83,96.78,75.24,74.32,93.98,85.02,77.49,50.18,80.14,41.50,91.16,17.38,50.64,73.59,54.90,98.84,63.05,92.54,95.17,75.80,87.61,92.24,81.42,69.01,74.66,84.88,53.03,83.95,51.41,72.25,82.27,62.82
Italy,ITA,75.8,30.0,0.0,77.7,59216525,35220.08379,97.31,64.31,95.08,97.61,71.20,84.77,93.09,78.71,63.77,69.86,73.96,51.74,84.68,41.11,82.91,75.21,63.11,98.84,63.05,92.54,95.17,75.80,87.61,92.24,81.42,69.01,74.66,84.88,53.03,83.95,51.41,72.25,82.27,62.82
Jamaica,JAM,68.8,74.0,4.8,67.1,2906339,8240.083254,86.00,47.75,80.38,85.79,69.96,73.39,85.98,74.14,31.69,49.30,88.94,90.79,86.97,21.82,55.75,67.31,73.60,81.30,53.30,73.87,80.60,68.35,72.85,83.14,73.81,25.73,37.11,77.98,82.12,86.64,53.77,61.46,57.74,70.64
Jordan,JOR,68.1,81.0,9.5,65.9,10069794,8337.489679,86.80,45.38,76.28,77.99,42.71,54.75,92.17,62.49,41.73,55.87,75.17,85.78,94.75,27.86,90.25,74.52,72.96,93.57,50.25,75.82,79.23,43.35,55.72,88.29,65.01,37.63,69.99,60.02,73.23,78.21,49.69,57.83,68.24,73.94
Japan,JPN,78.9,15.0,2.4,77.7,126854745,39002.22332,98.98,68.03,94.89,98.09,58.49,84.46,93.38,88.49,79.90,76.77,75.36,55.57,90.39,53.60,69.96,90.35,64.88,98.84,63.05,92.54,95.17,75.80,87.61,92.24,81.42,69.01,74.66,84.88,53.03,83.95,51.41,72.25,82.27,62.82
Kazakhstan,KAZ,68.7,77.0,0.0,70.4,18592970,24078.7187,99.87,50.89,75.77,90.98,77.15,74.81,85.77,76.75,35.21,62.09,78.40,62.44,75.08,43.35,58.57,69.02,51.91,95.05,55.39,77.11,89.21,59.90,72.30,87.15,70.84,32.21,68.07,76.62,78.95,87.25,40.73,66.22,69.40,69.82
Kenya,KEN,57.0,125.0,0.0,53.8,52214791,2992.592241,29.80,49.88,50.42,71.00,67.46,43.90,46.07,70.20,19.74,36.29,62.16,93.07,94.79,58.13,59.22,57.21,60.14,32.67,46.64,44.50,49.36,51.58,50.75,34.94,63.25,14.56,46.61,58.92,92.10,91.09,54.51,67.74,54.20,60.89
Kyrgyz Republic,KGZ,71.6,48.0,3.8,70.4,6218616,3393.473613,82.79,58.08,70.08,91.07,61.02,67.89,89.26,69.86,26.97,79.30,87.86,91.75,94.19,,68.05,63.24,75.36,95.05,55.39,77.11,89.21,59.90,72.30,87.15,70.84,32.21,68.07,76.62,78.95,87.25,40.73,66.22,69.40,69.82
Cambodia,KHM,61.8,112.0,1.2,65.7,16482646,3651.724491,87.51,52.69,62.58,69.86,54.84,60.29,42.94,62.03,19.47,90.85,77.77,97.08,92.75,34.37,44.39,52.40,48.50,83.19,53.50,68.16,84.74,56.57,67.20,69.81,75.25,32.48,62.27,71.03,85.43,89.61,46.37,54.26,64.50,53.18
Kiribati,KIR,,,,60.5,120428,1986.072377,,,,,,,,,,,,,,,,,,,,,,,,,,,,,,,,,,
St. Kitts and Nevis,KNA,,,,67.1,56345,26028.69169,,,,,,,,,,,,,,,,,,,,,,,,,,,,,,,,,,
"Korea, Rep.",KOR,78.3,18.0,4.8,77.7,51339238,35938.37422,99.01,77.87,92.35,95.82,63.94,81.49,92.50,86.20,83.72,86.47,80.31,63.53,87.72,54.79,57.19,75.36,53.35,98.84,63.05,92.54,95.17,75.80,87.61,92.24,81.42,69.01,74.66,84.88,53.03,83.95,51.41,72.25,82.27,62.82
Kuwait,KWT,63.5,106.0,14.3,65.9,4248974,65530.53658,,60.80,83.84,86.46,51.25,55.02,92.03,56.33,48.89,,48.77,22.17,50.17,42.43,41.03,76.95,100.00,93.57,50.25,75.82,79.23,43.35,55.72,88.29,65.01,37.63,69.99,60.02,73.23,78.21,49.69,57.83,68.24,73.94
Lao PDR,LAO,62.0,111.0,5.0,65.7,7064242,6397.359825,54.77,61.05,49.84,78.28,67.32,67.31,44.75,71.72,15.21,74.93,73.43,94.55,96.48,,53.55,58.37,46.57,83.19,53.50,68.16,84.74,56.57,67.20,69.81,75.25,32.48,62.27,71.03,85.43,89.61,46.37,54.26,64.50,53.18
Lebanon,LBN,65.7,94.0,7.1,65.9,6065922,13191.14086,99.93,45.92,80.11,70.31,42.47,79.45,88.91,67.40,42.33,69.51,59.94,75.61,77.41,36.59,56.61,65.89,57.93,93.57,50.25,75.82,79.23,43.35,55.72,88.29,65.01,37.63,69.99,60.02,73.23,78.21,49.69,57.83,68.24,73.94
Liberia,LBR,48.2,157.0,4.8,53.8,4977720,1168.261952,20.47,48.57,39.20,10.20,41.45,48.01,5.89,64.93,3.54,83.87,28.98,99.29,99.31,75.20,53.98,44.94,51.28,32.67,46.64,44.50,49.36,51.58,50.75,34.94,63.25,14.56,46.61,58.92,92.10,91.09,54.51,67.74,54.20,60.89
Libya,LBY,,,,65.9,6569864,17881.50933,,,,,,,,,,,,,,,,,,,,,,,,,,,,,,,,,,
St. Lucia,LCA,,,,67.1,180454,12712.37206,,,,,,,,,,,,,,,,,,,,,,,,,,,,,,,,,,
Liechtenstein,LIE,,,,70.4,38404,,,,,,,,,,,,,,,,,,,,,,,,,,,,,,,,,,,
Sri Lanka,LKA,65.8,93.0,0.0,65.7,21018859,11691.28517,91.17,52.70,79.47,97.23,48.57,65.81,64.66,82.81,17.23,36.43,80.61,77.92,92.29,55.71,63.37,67.32,46.00,83.19,53.50,68.16,84.74,56.57,67.20,69.81,75.25,32.48,62.27,71.03,85.43,89.61,46.37,54.26,64.50,53.18
Lesotho,LSO,50.9,150.0,5.0,53.8,2292682,2665.035409,13.71,54.46,28.72,55.01,71.90,58.12,28.50,52.46,14.14,0.35,67.54,92.14,66.16,,62.13,46.18,100.00,32.67,46.64,44.50,49.36,51.58,50.75,34.94,63.25,14.56,46.61,58.92,92.10,91.09,54.51,67.74,54.20,60.89
Lithuania,LTU,75.1,32.0,1.2,77.7,2864459,29524.13765,98.44,58.50,84.65,98.68,72.07,85.72,83.47,80.45,45.43,49.57,83.15,67.45,84.13,62.50,90.40,80.52,51.64,98.84,63.05,92.54,95.17,75.80,87.61,92.24,81.42,69.01,74.66,84.88,53.03,83.95,51.41,72.25,82.27,62.82
Luxembourg,LUX,74.8,34.0,3.8,77.7,596992,94277.96536,99.85,62.43,96.41,94.39,74.57,90.03,66.67,69.91,69.42,88.26,94.53,23.90,78.75,,62.29,90.15,58.38,98.84,63.05,92.54,95.17,75.80,87.61,92.24,81.42,69.01,74.66,84.88,53.03,83.95,51.41,72.25,82.27,62.82
Latvia,LVA,77.1,24.0,1.2,77.7,1911108,25063.71085,98.73,60.36,84.50,95.69,70.20,88.99,91.16,83.26,49.30,76.46,86.34,67.93,87.80,50.94,92.23,76.96,50.44,98.84,63.05,92.54,95.17,75.80,87.61,92.24,81.42,69.01,74.66,84.88,53.03,83.95,51.41,72.25,82.27,62.82
Morocco,MAR,69.1,72.0,2.4,65.9,36635156,7485.012951,94.92,53.82,73.67,78.05,42.90,66.13,87.71,67.41,32.37,61.47,72.16,82.46,92.37,48.24,75.61,69.03,75.86,93.57,50.25,75.82,79.23,43.35,55.72,88.29,65.01,37.63,69.99,60.02,73.23,78.21,49.69,57.83,68.24,73.94
Monaco,MCO,,,,70.4,39102,,,,,,,,,,,,,,,,,,,,,,,,,,,,,,,,,,,
Moldova,MDA,74.4,37.0,5.0,70.4,4029750,5189.97166,99.57,54.50,74.82,82.66,68.65,73.95,89.89,73.99,26.07,92.62,79.65,97.01,97.91,,64.08,62.96,85.91,95.05,55.39,77.11,89.21,59.90,72.30,87.15,70.84,32.21,68.07,76.62,78.95,87.25,40.73,66.22,69.40,69.82
Madagascar,MDG,46.7,158.0,3.6,53.8,26969642,1416.439507,0.00,37.44,41.17,44.04,66.92,38.73,7.59,62.80,5.85,31.66,62.45,94.58,96.87,57.84,50.58,51.05,44.30,32.67,46.64,44.50,49.36,51.58,50.75,34.94,63.25,14.56,46.61,58.92,92.10,91.09,54.51,67.74,54.20,60.89
Maldives,MDV,72.1,47.0,17.9,65.7,451738,15168.55883,90.40,46.63,91.10,99.19,43.58,72.07,96.85,79.59,39.12,69.30,96.04,76.43,78.86,52.42,38.13,74.84,81.52,83.19,53.50,68.16,84.74,56.57,67.20,69.81,75.25,32.48,62.27,71.03,85.43,89.61,46.37,54.26,64.50,53.18
Mexico,MEX,68.5,78.0,0.0,77.7,132328035,17330.73198,87.53,54.66,81.88,92.63,77.37,79.11,86.53,73.03,36.27,14.57,81.16,78.82,90.60,69.54,47.64,53.08,60.25,98.84,63.05,92.54,95.17,75.80,87.61,92.24,81.42,69.01,74.66,84.88,53.03,83.95,51.41,72.25,82.27,62.82
Marshall Islands,MHL,,,,60.5,53211,3860.188679,,,,,,,,,,,,,,,,,,,,,,,,,,,,,,,,,,
North Macedonia,MKD,69.4,70.0,6.3,70.4,2086720,13132.15032,89.35,61.19,80.00,88.32,54.37,75.18,80.86,64.18,31.03,48.83,72.94,81.22,85.84,,74.00,74.10,77.38,95.05,55.39,77.11,89.21,59.90,72.30,87.15,70.84,32.21,68.07,76.62,78.95,87.25,40.73,66.22,69.40,69.82
Mali,MLI,50.2,152.0,3.8,53.8,19689140,2016.218793,24.26,45.04,32.33,12.62,35.57,56.01,14.28,67.37,11.68,73.96,59.06,94.94,99.24,,69.92,50.75,52.12,32.67,46.64,44.50,49.36,51.58,50.75,34.94,63.25,14.56,46.61,58.92,92.10,91.09,54.51,67.74,54.20,60.89
Malta,MLT,76.1,28.0,6.0,70.4,433245,36505.40592,99.75,58.25,92.69,97.49,59.06,86.43,92.43,87.43,43.29,94.65,83.08,48.37,91.12,50.22,70.56,76.85,62.15,95.05,55.39,77.11,89.21,59.90,72.30,87.15,70.84,32.21,68.07,76.62,78.95,87.25,40.73,66.22,69.40,69.82
Myanmar,MMR,62.2,110.0,2.4,65.7,54336138,5611.583198,80.40,53.27,53.82,73.06,60.64,61.35,49.68,69.76,21.92,70.14,67.74,96.13,95.02,42.82,52.57,66.68,42.03,83.19,53.50,68.16,84.74,56.57,67.20,69.81,75.25,32.48,62.27,71.03,85.43,89.61,46.37,54.26,64.50,53.18
Montenegro,MNE,67.3,87.0,8.3,70.4,629355,16464.64231,99.90,51.02,79.88,96.27,54.39,74.43,84.98,67.04,32.95,62.90,68.23,60.60,79.42,28.36,32.22,70.68,100.00,95.05,55.39,77.11,89.21,59.90,72.30,87.15,70.84,32.21,68.07,76.62,78.95,87.25,40.73,66.22,69.40,69.82
Mongolia,MNG,64.7,100.0,1.3,65.7,3166244,11766.95432,95.58,44.51,65.74,97.53,67.06,65.42,55.26,76.09,23.31,73.05,48.20,80.84,64.49,,72.29,64.60,59.48,83.19,53.50,68.16,84.74,56.57,67.20,69.81,75.25,32.48,62.27,71.03,85.43,89.61,46.37,54.26,64.50,53.18
Mozambique,MOZ,53.0,136.0,0.0,53.8,31408823,1136.393882,11.04,45.09,31.16,41.59,60.03,41.11,37.99,53.36,11.86,49.20,68.21,98.74,92.15,73.97,66.65,52.63,66.79,32.67,46.64,44.50,49.36,51.58,50.75,34.94,63.25,14.56,46.61,58.92,92.10,91.09,54.51,67.74,54.20,60.89
Mauritania,MRT,53.3,134.0,7.1,53.8,4661149,3597.632689,80.91,36.37,47.17,29.37,30.84,54.30,40.64,45.60,13.57,86.17,37.24,93.72,73.22,62.46,65.85,44.88,64.31,32.67,46.64,44.50,49.36,51.58,50.75,34.94,63.25,14.56,46.61,58.92,92.10,91.09,54.51,67.74,54.20,60.89
Mauritius,MUS,63.6,105.0,6.0,53.8,1271368,20320.3703,98.59,46.03,79.12,89.40,48.93,57.04,89.44,75.10,27.50,39.16,90.80,61.35,67.95,54.11,23.50,69.51,63.47,32.67,46.64,44.50,49.36,51.58,50.75,34.94,63.25,14.56,46.61,58.92,92.10,91.09,54.51,67.74,54.20,60.89
Malawi,MWI,51.4,146.0,1.3,53.8,19718743,1095.042089,3.23,53.74,43.64,48.44,62.19,56.49,1.30,62.81,8.74,43.61,63.95,97.52,89.35,,66.94,55.81,61.21,32.67,46.64,44.50,49.36,51.58,50.75,34.94,63.25,14.56,46.61,58.92,92.10,91.09,54.51,67.74,54.20,60.89
Malaysia,MYS,69.6,68.0,2.4,65.7,32454455,26824.08498,99.98,45.24,79.04,91.35,55.56,76.31,89.96,80.43,56.82,42.51,82.62,77.13,87.75,49.21,43.00,68.48,57.08,83.19,53.50,68.16,84.74,56.57,67.20,69.81,75.25,32.48,62.27,71.03,85.43,89.61,46.37,54.26,64.50,53.18
Namibia,NAM,59.9,119.0,2.4,53.8,2641996,9517.384912,55.14,39.81,49.79,82.17,87.31,59.00,48.50,64.63,23.65,0.00,76.79,79.43,61.12,60.52,85.52,69.61,74.77,32.67,46.64,44.50,49.36,51.58,50.75,34.94,63.25,14.56,46.61,58.92,92.10,91.09,54.51,67.74,54.20,60.89
Niger,NER,49.4,154.0,2.5,53.8,23176691,925.9900583,5.59,42.93,39.09,8.42,40.23,40.41,13.47,64.19,3.22,81.76,55.90,91.16,95.13,,73.75,55.87,74.99,32.67,46.64,44.50,49.36,51.58,50.75,34.94,63.25,14.56,46.61,58.92,92.10,91.09,54.51,67.74,54.20,60.89
Nigeria,NGA,46.4,159.0,7.1,53.8,200962417,5351.076803,17.15,48.01,28.04,32.13,36.50,53.52,37.07,64.71,18.38,9.06,32.64,94.84,96.14,51.43,76.32,42.95,50.00,32.67,46.64,44.50,49.36,51.58,50.75,34.94,63.25,14.56,46.61,58.92,92.10,91.09,54.51,67.74,54.20,60.89
Nicaragua,NIC,67.9,82.0,0.0,67.1,6351157,5321.443516,85.06,45.75,76.79,76.51,82.05,66.81,70.57,72.33,14.66,46.41,77.48,90.25,94.93,59.17,73.78,61.51,60.96,81.30,53.30,73.87,80.60,68.35,72.85,83.14,73.81,25.73,37.11,77.98,82.12,86.64,53.77,61.46,57.74,70.64
Netherlands,NLD,80.4,9.0,2.4,77.7,17132908,48472.54454,99.61,65.41,96.43,94.21,81.55,92.65,91.55,83.05,82.34,94.57,91.07,44.05,88.28,41.21,83.20,83.54,53.69,98.84,63.05,92.54,95.17,75.80,87.61,92.24,81.42,69.01,74.66,84.88,53.03,83.95,51.41,72.25,82.27,62.82
Norway,NOR,80.7,8.0,2.4,77.7,5400916,64800.05733,99.48,57.03,97.89,99.87,87.72,87.45,98.56,78.48,79.96,100.00,86.10,30.50,54.35,66.17,63.15,84.94,99.57,98.84,63.05,92.54,95.17,75.80,87.61,92.24,81.42,69.01,74.66,84.88,53.03,83.95,51.41,72.25,82.27,62.82
Nepal,NPL,63.9,103.0,1.3,65.7,29942018,2456.33018,62.31,55.08,58.67,82.58,57.90,62.92,62.69,72.58,20.24,83.18,45.39,98.24,97.96,,68.77,53.33,58.68,83.19,53.50,68.16,84.74,56.57,67.20,69.81,75.25,32.48,62.27,71.03,85.43,89.61,46.37,54.26,64.50,53.18
Nauru,NRU,,,,60.5,11260,12895.63451,,,,,,,,,,,,,,,,,,,,,,,,,,,,,,,,,,
New Zealand,NZL,79.5,11.0,3.6,77.7,4792409,36085.84278,99.97,63.08,94.64,98.10,84.71,90.73,95.88,88.15,73.88,,83.04,51.52,91.53,57.01,47.06,92.61,64.91,98.84,63.05,92.54,95.17,75.80,87.61,92.24,81.42,69.01,74.66,84.88,53.03,83.95,51.41,72.25,82.27,62.82
Oman,OMN,67.9,83.0,13.1,65.9,5001875,37960.70919,,49.96,83.91,94.81,35.76,37.91,86.70,71.26,44.91,,77.48,69.82,71.06,65.09,51.67,74.92,74.71,93.57,50.25,75.82,79.23,43.35,55.72,88.29,65.01,37.63,69.99,60.02,73.23,78.21,49.69,57.83,68.24,73.94
Pakistan,PAK,55.6,130.0,2.4,65.7,204596442,5034.707756,77.86,34.35,50.19,47.49,28.87,46.33,72.37,65.73,14.99,57.96,50.57,92.10,98.73,47.61,66.98,49.13,43.35,83.19,53.50,68.16,84.74,56.57,67.20,69.81,75.25,32.48,62.27,71.03,85.43,89.61,46.37,54.26,64.50,53.18
Panama,PAN,66.3,90.0,2.4,67.1,4226197,22287.95908,93.53,49.59,78.88,78.83,65.33,71.81,87.82,77.38,29.33,25.35,88.66,80.20,90.24,55.42,57.21,64.73,32.89,81.30,53.30,73.87,80.60,68.35,72.85,83.14,73.81,25.73,37.11,77.98,82.12,86.64,53.77,61.46,57.74,70.64
Peru,PER,71.2,51.0,4.8,67.1,32933835,12236.80134,89.86,61.29,77.96,91.60,68.14,76.93,83.72,75.61,32.89,41.83,73.09,78.77,93.05,78.76,71.31,58.20,57.14,81.30,53.30,73.87,80.60,68.35,72.85,83.14,73.81,25.73,37.11,77.98,82.12,86.64,53.77,61.46,57.74,70.64
Philippines,PHL,64.9,97.0,0.0,65.7,108106310,7599.18806,74.37,53.10,58.89,89.39,64.05,67.62,69.92,72.51,33.67,35.29,72.60,94.20,94.36,62.19,55.43,57.87,48.46,83.19,53.50,68.16,84.74,56.57,67.20,69.81,75.25,32.48,62.27,71.03,85.43,89.61,46.37,54.26,64.50,53.18
Palau,PLW,,,,60.5,22206,13501.42383,,,,,,,,,,,,,,,,,,,,,,,,,,,,,,,,,,
Papua New Guinea,PNG,51.6,143.0,19.0,60.5,8586525,3824.546849,29.25,27.60,46.32,48.28,44.03,27.47,13.44,76.89,4.56,59.44,80.78,97.57,86.49,47.73,62.34,66.27,59.00,59.64,44.58,62.93,70.37,46.24,60.55,38.02,76.92,16.56,68.61,83.24,86.85,76.13,50.64,48.86,74.83,63.88
Poland,POL,75.9,29.0,0.0,77.7,38028278,27343.36384,99.91,61.23,87.56,94.39,71.12,81.95,89.72,84.40,54.91,53.71,78.48,73.68,89.16,43.72,92.00,81.44,53.40,98.84,63.05,92.54,95.17,75.80,87.61,92.24,81.42,69.01,74.66,84.88,53.03,83.95,51.41,72.25,82.27,62.82
"Korea, Dem. Rep.",PRK,,,,65.7,25727408,,,,,,,,,,,,,,,,,,,,,,,,,,,,,,,,,,,
Portugal,PRT,76.4,26.0,1.2,77.7,10254666,27936.89609,98.74,56.03,92.14,95.47,80.71,87.03,94.60,82.35,56.13,57.35,84.42,54.83,91.52,51.78,73.38,84.13,58.66,98.84,63.05,92.54,95.17,75.80,87.61,92.24,81.42,69.01,74.66,84.88,53.03,83.95,51.41,72.25,82.27,62.82
Paraguay,PRY,67.5,86.0,1.3,67.1,6981981,11915.58638,94.88,66.87,73.87,76.21,66.57,77.49,87.34,77.69,23.77,42.40,77.39,81.80,93.04,,44.71,48.44,61.57,81.30,53.30,73.87,80.60,68.35,72.85,83.14,73.81,25.73,37.11,77.98,82.12,86.64,53.77,61.46,57.74,70.64
Qatar,QAT,66.3,91.0,14.3,65.9,2743901,116931.9863,,59.70,87.67,86.44,57.59,54.00,88.24,73.85,56.95,,35.50,58.01,49.92,45.46,59.55,81.27,69.02,93.57,50.25,75.82,79.23,43.35,55.72,88.29,65.01,37.63,69.99,60.02,73.23,78.21,49.69,57.83,68.24,73.94
Romania,ROU,72.7,42.0,3.6,70.4,19483360,23501.55226,98.83,58.03,80.63,84.17,64.47,77.98,88.97,80.44,41.34,29.97,81.25,71.93,95.23,53.30,84.25,76.10,69.53,95.05,55.39,77.11,89.21,59.90,72.30,87.15,70.84,32.21,68.07,76.62,78.95,87.25,40.73,66.22,69.40,69.82
Russian Federation,RUS,70.9,55.0,4.8,70.4,143895551,24765.95363,99.95,45.56,78.06,97.21,67.19,89.01,91.19,75.48,50.08,54.00,82.33,69.08,82.23,42.49,66.21,50.58,65.36,95.05,55.39,77.11,89.21,59.90,72.30,87.15,70.84,32.21,68.07,76.62,78.95,87.25,40.73,66.22,69.40,69.82
Rwanda,RWA,56.0,126.0,1.3,53.8,12794412,1857.411835,17.11,51.69,60.02,60.89,80.47,56.19,11.15,69.77,15.72,27.31,58.58,95.81,98.65,,66.45,70.91,57.13,32.67,46.64,44.50,49.36,51.58,50.75,34.94,63.25,14.56,46.61,58.92,92.10,91.09,54.51,67.74,54.20,60.89
Saudi Arabia,SAU,64.8,98.0,13.1,65.9,34140662,48985.55382,,45.64,81.61,97.64,39.14,53.77,89.18,72.56,57.46,,40.57,56.73,59.70,55.71,47.10,68.46,73.42,93.57,50.25,75.82,79.23,43.35,55.72,88.29,65.01,37.63,69.99,60.02,73.23,78.21,49.69,57.83,68.24,73.94
Sudan,SDN,51.4,147.0,7.1,53.8,42514094,4466.506755,36.01,19.01,52.03,30.32,37.26,32.99,50.57,52.44,15.03,65.63,41.34,93.35,98.74,66.36,60.47,56.27,65.34,32.67,46.64,44.50,49.36,51.58,50.75,34.94,63.25,14.56,46.61,58.92,92.10,91.09,54.51,67.74,54.20,60.89
Senegal,SEN,57.3,124.0,1.2,53.8,16743859,3142.68273,29.30,53.66,54.25,37.10,53.10,57.81,52.82,73.10,15.50,52.52,58.38,95.02,94.75,52.22,74.87,59.75,59.95,32.67,46.64,44.50,49.36,51.58,50.75,34.94,63.25,14.56,46.61,58.92,92.10,91.09,54.51,67.74,54.20,60.89
Singapore,SGP,69.6,66.0,13.1,65.7,5868104,85535.3832,98.37,71.77,94.97,99.56,68.52,88.95,94.75,71.85,85.56,,94.72,34.98,50.51,15.19,27.39,88.52,35.58,83.19,53.50,68.16,84.74,56.57,67.20,69.81,75.25,32.48,62.27,71.03,85.43,89.61,46.37,54.26,64.50,53.18
Solomon Islands,SLB,,,,60.5,635254,2205.92322,,,,,,,,,,,,,,,,,,,,,,,,,,,,,,,,,,
Sierra Leone,SLE,49.2,155.0,2.4,53.8,7883123,1391.014662,23.16,46.90,26.73,52.21,44.91,38.90,6.16,62.66,6.15,69.40,46.68,95.71,98.38,60.49,65.63,50.81,42.22,32.67,46.64,44.50,49.36,51.58,50.75,34.94,63.25,14.56,46.61,58.92,92.10,91.09,54.51,67.74,54.20,60.89
El Salvador,SLV,66.7,89.0,0.0,67.1,6445405,7292.457809,91.55,48.65,77.26,75.89,68.44,71.97,88.47,70.17,17.93,38.93,89.00,86.43,90.61,27.80,65.86,56.53,68.96,81.30,53.30,73.87,80.60,68.35,72.85,83.14,73.81,25.73,37.11,77.98,82.12,86.64,53.77,61.46,57.74,70.64
San Marino,SMR,,,,70.4,33683,57761.75798,,,,,,,,,,,,,,,,,,,,,,,,,,,,,,,,,,
Somalia,SOM,,,,53.8,15636171,,,,,,,,,,,,,,,,,,,,,,,,,,,,,,,,,,,
Serbia,SRB,72.5,44.0,3.8,70.4,8733407,14048.79395,99.40,63.52,84.16,94.29,57.84,75.71,84.89,71.47,42.41,72.35,71.75,83.74,85.04,,49.51,73.41,82.05,95.05,55.39,77.11,89.21,59.90,72.30,87.15,70.84,32.21,68.07,76.62,78.95,87.25,40.73,66.22,69.40,69.82
South Sudan,SSD,,,,53.8,13263184,1569.888346,,,,,,,,,,,,,,,,,,,,,,,,,,,,,,,,,,
Sao Tome and Principe,STP,65.5,95.0,17.9,53.8,213379,3052.713743,37.80,64.65,62.03,84.71,45.18,66.61,38.55,66.75,16.80,90.70,84.02,94.92,89.62,79.36,57.39,77.33,56.80,32.67,46.64,44.50,49.36,51.58,50.75,34.94,63.25,14.56,46.61,58.92,92.10,91.09,54.51,67.74,54.20,60.89
Suriname,SUR,67.0,88.0,9.5,67.1,573085,13807.86113,56.00,55.75,70.35,70.24,66.48,71.30,86.45,74.54,23.91,,79.32,79.83,79.08,71.17,71.33,70.61,76.11,81.30,53.30,73.87,80.60,68.35,72.85,83.14,73.81,25.73,37.11,77.98,82.12,86.64,53.77,61.46,57.74,70.64
Slovak Republic,SVK,76.2,27.0,3.8,77.7,5450987,30155.15212,98.23,68.84,87.96,83.76,68.92,84.40,92.17,80.70,49.74,83.45,82.02,64.99,77.17,,86.86,79.93,55.11,98.84,63.05,92.54,95.17,75.80,87.61,92.24,81.42,69.01,74.66,84.88,53.03,83.95,51.41,72.25,82.27,62.82
Slovenia,SVN,79.4,12.0,1.2,77.7,2081900,31400.83951,99.67,64.62,92.69,96.65,75.31,82.35,93.57,84.68,61.03,100.00,85.94,60.77,91.23,33.31,82.52,88.06,57.55,98.84,63.05,92.54,95.17,75.80,87.61,92.24,81.42,69.01,74.66,84.88,53.03,83.95,51.41,72.25,82.27,62.82
Sweden,SWE,85.0,2.0,2.4,77.7,10053135,46949.28309,99.03,63.32,97.76,99.30,88.87,93.53,98.68,83.55,91.66,100.00,90.31,52.18,87.20,42.26,75.17,83.84,98.20,98.84,63.05,92.54,95.17,75.80,87.61,92.24,81.42,69.01,74.66,84.88,53.03,83.95,51.41,72.25,82.27,62.82
Eswatini,SWZ,51.7,142.0,5.0,53.8,1415414,7870.644839,22.13,54.05,42.71,60.29,55.62,56.08,55.52,45.89,9.79,0.00,82.68,89.69,52.70,,63.35,53.66,80.02,32.67,46.64,44.50,49.36,51.58,50.75,34.94,63.25,14.56,46.61,58.92,92.10,91.09,54.51,67.74,54.20,60.89
Seychelles,SYC,,,,53.8,95702,26656.95252,,,,,,,,,,,,,,,,,,,,,,,,,,,,,,,,,,
Syrian Arab Republic,SYR,58.1,123.0,15.5,65.9,18499181,,,28.16,63.88,48.77,34.33,63.21,91.00,52.84,12.42,76.62,47.73,85.38,96.71,30.00,47.61,53.53,62.41,93.57,50.25,75.82,79.23,43.35,55.72,88.29,65.01,37.63,69.99,60.02,73.23,78.21,49.69,57.83,68.24,73.94
Chad,TCD,42.8,161.0,7.5,53.8,15814345,1768.153411,23.59,37.12,21.55,14.72,27.01,40.84,0.58,54.17,9.72,53.25,39.44,95.93,76.32,,80.67,32.18,65.78,32.67,46.64,44.50,49.36,51.58,50.75,34.94,63.25,14.56,46.61,58.92,92.10,91.09,54.51,67.74,54.20,60.89
Togo,TGO,51.6,144.0,4.8,53.8,8186384,1511.952428,18.58,53.28,42.97,61.44,40.16,46.75,15.47,71.51,14.50,39.54,38.94,95.94,98.62,41.88,86.32,52.33,58.90,32.67,46.64,44.50,49.36,51.58,50.75,34.94,63.25,14.56,46.61,58.92,92.10,91.09,54.51,67.74,54.20,60.89
Thailand,THA,73.0,40.0,0.0,65.7,69306160,16279.22292,99.99,60.18,76.70,88.65,64.69,78.27,82.94,80.16,42.83,58.89,83.03,79.46,93.91,54.70,66.95,70.90,58.75,83.19,53.50,68.16,84.74,56.57,67.20,69.81,75.25,32.48,62.27,71.03,85.43,89.61,46.37,54.26,64.50,53.18
Tajikistan,TJK,69.2,71.0,5.0,70.4,9292000,2910.212748,86.32,47.21,70.15,95.96,57.05,56.80,91.94,69.74,9.56,67.92,79.33,93.16,96.23,,68.59,72.29,73.88,95.05,55.39,77.11,89.21,59.90,72.30,87.15,70.84,32.21,68.07,76.62,78.95,87.25,40.73,66.22,69.40,69.82
Turkmenistan,TKM,64.3,101.0,15.0,70.4,5942561,16389.02331,99.56,56.00,67.77,99.64,59.39,56.18,81.34,70.58,10.29,,72.45,87.76,51.50,25.79,50.58,71.08,64.42,95.05,55.39,77.11,89.21,59.90,72.30,87.15,70.84,32.21,68.07,76.62,78.95,87.25,40.73,66.22,69.40,69.82
Timor-Leste,TLS,,,,65.7,1352360,6569.960332,,,,,,,,,,,,,,,,,,,,,,,,,,,,,,,,,,
Tonga,TON,,,,60.5,110041,5425.620625,,,,,,,,,,,,,,,,,,,,,,,,,,,,,,,,,,
Trinidad and Tobago,TTO,67.6,85.0,8.3,67.1,1375443,28763.07077,98.44,45.30,75.96,88.55,67.92,73.43,87.12,78.26,30.51,,67.57,75.18,49.14,52.53,64.11,57.32,100.00,81.30,53.30,73.87,80.60,68.35,72.85,83.14,73.81,25.73,37.11,77.98,82.12,86.64,53.77,61.46,57.74,70.64
Tunisia,TUN,70.0,63.0,0.0,65.9,11783168,10849.29739,97.77,52.46,77.47,84.80,52.67,61.42,91.80,63.59,31.23,61.20,62.53,86.65,90.70,59.44,65.56,70.33,80.19,93.57,50.25,75.82,79.23,43.35,55.72,88.29,65.01,37.63,69.99,60.02,73.23,78.21,49.69,57.83,68.24,73.94
Turkey,TUR,68.5,79.0,1.2,77.7,82961805,25134.61442,99.49,55.83,83.61,93.70,45.25,82.14,89.16,73.84,46.49,41.24,70.40,73.76,89.86,27.41,53.27,68.08,70.78,98.84,63.05,92.54,95.17,75.80,87.61,92.24,81.42,69.01,74.66,84.88,53.03,83.95,51.41,72.25,82.27,62.82
Tuvalu,TUV,,,,60.5,11393,3575.103821,,,,,,,,,,,,,,,,,,,,,,,,,,,,,,,,,,
Tanzania,TZA,55.8,128.0,2.4,53.8,60913557,2683.304024,21.47,48.19,45.09,47.96,70.68,46.47,31.35,73.84,15.69,60.15,66.30,97.92,98.22,65.03,56.88,50.53,53.17,32.67,46.64,44.50,49.36,51.58,50.75,34.94,63.25,14.56,46.61,58.92,92.10,91.09,54.51,67.74,54.20,60.89
Uganda,UGA,52.6,140.0,2.5,53.8,45711874,1698.061274,28.31,48.27,46.64,53.21,58.36,41.08,9.68,72.01,17.45,62.01,46.46,95.76,98.64,,67.18,47.55,46.65,32.67,46.64,44.50,49.36,51.58,50.75,34.94,63.25,14.56,46.61,58.92,92.10,91.09,54.51,67.74,54.20,60.89
Ukraine,UKR,72.8,41.0,1.2,70.4,43795220,7894.392926,99.67,53.12,71.76,92.55,62.82,79.99,91.59,68.36,25.15,99.03,75.98,80.39,95.56,38.59,63.51,61.88,77.88,95.05,55.39,77.11,89.21,59.90,72.30,87.15,70.84,32.21,68.07,76.62,78.95,87.25,40.73,66.22,69.40,69.82
Uruguay,URY,72.6,43.0,1.2,67.1,3482156,20551.40942,99.88,58.68,82.62,87.42,73.76,78.76,96.53,77.59,38.31,50.13,85.27,72.38,86.85,42.23,51.44,69.32,82.22,81.30,53.30,73.87,80.60,68.35,72.85,83.14,73.81,25.73,37.11,77.98,82.12,86.64,53.77,61.46,57.74,70.64
United States,USA,74.5,35.0,7.1,77.7,329093110,54225.44612,98.92,66.04,89.54,89.34,73.36,84.98,93.21,85.18,83.35,47.66,82.47,36.55,66.12,60.85,76.94,76.14,56.18,98.84,63.05,92.54,95.17,75.80,87.61,92.24,81.42,69.01,74.66,84.88,53.03,83.95,51.41,72.25,82.27,62.82
Uzbekistan,UZB,71.1,52.0,10.0,70.4,32807368,6253.10386,69.42,64.00,77.62,93.62,65.52,57.09,88.12,71.95,24.77,78.03,90.85,92.05,93.42,,62.25,70.21,69.57,95.05,55.39,77.11,89.21,59.90,72.30,87.15,70.84,32.21,68.07,76.62,78.95,87.25,40.73,66.22,69.40,69.82
St. Vincent and the Grenadines,VCT,,,,67.1,110488,10697.45083,,,,,,,,,,,,,,,,,,,,,,,,,,,,,,,,,,
"Venezuela, RB",VEN,63.1,108.0,3.6,67.1,32779868,,35.01,47.52,66.19,76.26,69.03,79.87,91.89,78.60,24.66,25.95,62.70,78.55,89.02,51.39,78.88,36.77,79.65,81.30,53.30,73.87,80.60,68.35,72.85,83.14,73.81,25.73,37.11,77.98,82.12,86.64,53.77,61.46,57.74,70.64
Vietnam,VNM,71.1,54.0,1.2,65.7,97429061,6171.884192,95.34,62.59,74.78,91.71,71.96,70.77,82.39,74.16,26.37,78.28,77.64,87.08,94.52,45.22,48.59,61.76,65.31,83.19,53.50,68.16,84.74,56.57,67.20,69.81,75.25,32.48,62.27,71.03,85.43,89.61,46.37,54.26,64.50,53.18
Vanuatu,VUT,59.9,118.0,17.9,60.5,288017,2921.908676,58.70,50.33,68.56,67.75,37.08,77.55,32.19,73.99,17.74,72.31,73.35,79.35,71.82,53.59,45.51,71.40,66.63,59.64,44.58,62.93,70.37,46.24,60.55,38.02,76.92,16.56,68.61,83.24,86.85,76.13,50.64,48.86,74.83,63.88
Samoa,WSM,,,,60.5,198909,6035.987752,,,,,,,,,,,,,,,,,,,,,,,,,,,,,,,,,,
"Yemen, Rep.",YEM,53.7,133.0,9.5,65.9,29579986,2369.05031,,26.29,43.84,54.52,10.39,33.46,66.39,36.48,7.17,74.08,50.43,95.49,98.43,63.74,50.99,35.76,71.90,93.57,50.25,75.82,79.23,43.35,55.72,88.29,65.01,37.63,69.99,60.02,73.23,78.21,49.69,57.83,68.24,73.94
South Africa,ZAF,61.5,113.0,1.2,53.8,58065097,12294.4731,49.85,52.52,48.74,78.06,80.05,66.99,78.97,61.20,44.95,0.00,77.93,68.80,87.03,56.51,59.10,54.91,79.55,32.67,46.64,44.50,49.36,51.58,50.75,34.94,63.25,14.56,46.61,58.92,92.10,91.09,54.51,67.74,54.20,60.89
Zambia,ZMB,52.6,139.0,0.0,53.8,18137369,3665.375337,13.46,42.94,46.53,62.68,63.64,52.57,43.48,67.22,16.60,16.62,63.41,89.74,98.36,,70.33,45.43,46.93,32.67,46.64,44.50,49.36,51.58,50.75,34.94,63.25,14.56,46.61,58.92,92.10,91.09,54.51,67.74,54.20,60.89
Zimbabwe,ZWE,59.7,121.0,7.5,53.8,17297495,2212.099917,,38.90,43.25,68.80,76.42,52.42,46.09,68.94,11.35,55.96,80.60,93.69,96.35,,77.68,51.13,65.69,32.67,46.64,44.50,49.36,51.58,50.75,34.94,63.25,14.56,46.61,58.92,92.10,91.09,54.51,67.74,54.20,60.89
